{    
    "agent" : "ActorCriticPotential",
    "env_name" : "MCSenseSparseBangAux",
    "env_param" : [ 1],
    "optim" : ["rmsprop"],
    "max_episodes" : [500],
    "gamma" : 0.99,
    "actor_reg" : [0, 0.25, 1],
    "actor_lr" : [ 0.03125, 0.0625,  0.125],
    "state_lr" : 0.0,
    "critic_lr" : [ 0.03125, 0.0625,  0.125],
    "batch_size" : 1,
    "buffer_size" : [10000],
    "delta" : 3,
    "raw_basis" : false,
    "basis" : "tilecoding",
    "tiles" : 4,
    "tilings" :  5,
    "NN_basis_dim" : "16",
    "seed" : [1, 2, 3, 4, 5, 6, 7, 8, 9, 10, 11, 12, 13, 14, 15, 16, 17, 18, 19, 20, 21, 22, 23, 24, 25, 26, 27, 28, 29, 30, 31, 32, 33, 34, 35, 36, 37, 38, 39, 40]
}
